stem_id,station_m,x,y,diameter_m,gt_tree_id
1,0.0,417790.55079895735,5856119.20167147,0.7152,52
1,0.5,417790.34154295735,5856119.66203467,0.7683,52
1,1.0,417790.1532125573,5856120.12239787,0.7115,52
1,1.5,417789.98580775736,5856120.58276107,0.7941,52
1,2.0,417789.7974773573,5856121.043124271,0.805,52
1,2.5,417789.56729575736,5856121.503487471,0.8422,52
1,3.0,417789.33711415733,5856121.94292507,0.8628,52
1,3.5,417789.10693255736,5856122.38236267,0.8628,52
1,4.0,417788.87675095734,5856122.82180027,1.0881,52
1,4.5,417788.66749495734,5856123.28216347,1.0336,52
1,5.0,417788.43731335737,5856123.72160107,0.9015,52
1,5.5,417788.24898295733,5856124.18196427,0.8868,52
1,6.0,417788.06065255735,5856124.64232747,0.8799,52
1,6.5,417787.8723221573,5856125.10269067,0.8628,52
1,7.0,417787.6630661573,5856125.563053871,0.8618,52
1,7.5,417787.43288455735,5856126.00249147,0.9358,52
1,8.0,417787.26547975733,5856126.48378027,0.8254,52
1,8.5,417787.07714935736,5856126.94414347,0.9264,52
1,9.0,417786.86789335735,5856127.40450667,0.9544,52
1,9.5,417786.65863735735,5856127.84394427,0.9358,52
1,10.0,417786.44938135735,5856128.30430747,0.9264,52
1,10.5,417786.24012535735,5856128.76467067,0.9015,52
1,11.0,417786.03086935735,5856129.20410827,0.8628,52
1,11.5,417785.84253895737,5856129.66447147,0.8799,52
1,12.0,417785.65420855733,5856130.12483467,0.8618,52
1,12.5,417785.46587815735,5856130.585197871,0.914,52
1,13.0,417785.25662215735,5856131.045561071,0.9015,52
1,13.5,417785.04736615735,5856131.5059242705,0.9179,52
1,14.0,417784.83811015735,5856131.96628747,0.9553,52
1,14.5,417784.62885415734,5856132.40572507,0.9553,52
1,15.0,417784.41959815734,5856132.86608827,0.9734,52
1,15.5,417784.21034215734,5856133.32645147,0.9734,52
1,16.0,417783.9801605573,5856133.76588907,0.9734,52
2,0.0,417799.3395509573,5856147.9743714705,0.4899,46
2,0.5,417798.83733655734,5856148.05807387,0.4369,46
2,1.0,417798.3560477573,5856148.16270187,0.397,46
2,1.5,417797.87475895736,5856148.24640427,0.4604,46
2,2.0,417797.39347015735,5856148.41380907,0.4122,46
2,2.5,417796.91218135733,5856148.51843707,0.3451,46
2,3.0,417796.40996695735,5856148.56028827,0.3767,46
2,3.5,417795.90775255737,5856148.64399067,0.4623,46
2,4.0,417795.4473893573,5856148.79046987,0.3374,46
2,4.5,417794.96610055736,5856148.95787467,0.3576,46
2,5.0,417794.48481175734,5856149.10435387,0.4185,46
2,5.5,417794.0035229573,5856149.20898187,0.5584,46
2,6.0,417793.52223415737,5856149.35546107,0.6497,46
2,6.5,417793.0618709573,5856149.54379147,0.6902,46
2,7.0,417792.6015077573,5856149.75304747,0.6761,46
2,7.5,417792.14114455733,5856149.94137787,0.6094,46
2,8.0,417791.6598557573,5856150.08785707,0.5829,46
2,8.5,417791.17856695736,5856150.21341067,0.5992,46
2,9.0,417790.69727815734,5856150.33896427,0.7127,46
2,9.5,417790.2159893573,5856150.50636907,0.7941,46
2,10.0,417789.75562615733,5856150.69469947,0.7309,46
2,10.5,417789.29526295734,5856150.86210427,0.6902,46
2,11.0,417788.8139741573,5856150.98765787,0.4185,46
2,11.5,417788.33268535737,5856151.15506267,0.5057,46
2,12.0,417787.89324775734,5856151.36431867,0.5057,46
2,12.5,417787.43288455735,5856151.59450027,0.5244,46
2,13.0,417786.9934469573,5856151.803756271,0.5244,46
2,13.5,417786.5330837573,5856152.01301227,0.5814,46
3,0.0,417814.40598295734,5856154.44038187,0.3451,18
3,0.5,417814.1758013573,5856154.87981947,0.3551,18
3,1.0,417813.9246941573,5856155.31925707,0.3576,18
3,1.5,417813.69451255735,5856155.75869467,0.3374,18
3,2.0,417813.44340535736,5856156.19813227,0.3576,18
3,2.5,417813.1922981573,5856156.63756987,0.3374,18
3,3.0,417812.96211655735,5856157.07700747,0.3576,18
3,3.5,417812.71100935736,5856157.49551947,0.3576,18
3,4.0,417812.45990215737,5856157.93495707,0.3576,18
3,4.5,417812.2087949573,5856158.37439467,0.36,18
3,5.0,417811.97861335735,5856158.81383227,0.3948,18
3,5.5,417811.7484317573,5856159.25326987,0.4309,18
3,6.0,417811.49732455733,5856159.69270747,0.4309,18
3,6.5,417811.24621735734,5856160.11121947,0.4122,18
3,7.0,417810.99511015735,5856160.55065707,0.4122,18
3,7.5,417810.74400295736,5856160.99009467,0.4122,18
3,8.0,417810.51382135734,5856161.42953227,0.3948,18
3,8.5,417810.2836397573,5856161.86896987,0.4309,18
3,9.0,417810.05345815734,5856162.30840747,0.4508,18
3,9.5,417809.80235095735,5856162.74784507,0.4881,18
3,10.0,417809.53031815734,5856163.16635707,0.4309,18
3,10.5,417809.2582853573,5856163.58486907,0.3743,18
3,11.0,417809.0490293573,5856164.04523227,0.397,18
3,11.5,417808.81884775736,5856164.48466987,0.4508,18
3,12.0,417808.65144295734,5856164.96595867,0.4899,18
4,0.0,417814.25950375735,5856154.1683490705,0.244,26
4,0.5,417813.79914055736,5856154.33575387,0.2807,26
4,1.0,417813.33877735736,5856154.54500987,0.2254,26
4,1.5,417812.85748855735,5856154.73334027,0.2647,26
4,2.0,417812.39712535735,5856154.92167067,0.2807,26
4,2.5,417811.93676215736,5856155.08907547,0.2807,26
4,3.0,417811.45547335735,5856155.25648027,0.1872,26
4,3.5,417810.99511015735,5856155.40295947,0.2254,26
4,4.0,417810.51382135734,5856155.59128987,0.2647,26
4,4.5,417810.05345815734,5856155.77962027,0.2546,26
4,5.0,417809.59309495735,5856155.94702507,0.293,26
4,5.5,417809.13273175736,5856156.13535547,0.2807,26
4,6.0,417808.65144295734,5856156.30276027,0.2807,26
4,6.5,417808.19107975735,5856156.49109067,0.3047,26
4,7.0,417807.73071655736,5856156.67942107,0.3187,26
4,7.5,417807.27035335737,5856156.86775147,0.3187,26
4,8.0,417806.78906455735,5856157.0351562705,0.3047,26
4,8.5,417806.32870135736,5856157.20256107,0.2807,26
4,9.0,417805.86833815736,5856157.39089147,0.2511,26
4,9.5,417805.38704935735,5856157.57922187,0.2647,26
4,10.0,417804.92668615736,5856157.7466266705,0.2959,26
5,0.0,417824.2410149573,5856162.85247307,0.1872,3
5,0.5,417823.75972615735,5856162.95710107,0.3187,3
5,1.0,417823.29936295736,5856163.14543147,0.2647,3
5,1.5,417822.7971485573,5856163.2500594705,0.3348,3
5,2.0,417822.29493415734,5856163.27098507,0.3767,3
5,2.5,417821.79271975736,5856163.2500594705,0.379,3
5,3.0,417821.31143095734,5856163.22913387,0.3767,3
5,3.5,417820.80921655736,5856163.20820827,0.3767,3
5,4.0,417820.3070021573,5856163.18728267,0.3767,3
5,4.5,417819.80478775734,5856163.14543147,0.3743,3
5,5.0,417819.30257335736,5856163.10358027,0.3767,3
5,5.5,417818.8003589573,5856163.08265467,0.3348,3
5,6.0,417818.29814455734,5856163.06172907,0.3767,3
5,6.5,417817.8168557573,5856163.06172907,0.3767,3
5,7.0,417817.31464135734,5856163.06172907,0.3767,3
5,7.5,417816.81242695736,5856163.06172907,0.3767,3
5,8.0,417816.3102125573,5856163.06172907,0.3767,3
5,8.5,417815.80799815734,5856163.06172907,0.4185,3
6,0.0,417817.2518645573,5856140.14819707,0.3858,20
6,0.5,417817.41926935734,5856140.62948587,0.3187,20
6,1.0,417817.56574855733,5856141.08984907,0.2959,20
6,1.5,417817.7122277573,5856141.57113787,0.3451,20
6,2.0,417817.8587069573,5856142.05242667,0.3187,20
6,2.5,417818.00518615736,5856142.53371547,0.3451,20
6,3.0,417818.15166535735,5856143.01500427,0.3576,20
6,3.5,417818.2772189573,5856143.49629307,0.3348,20
6,4.0,417818.42369815736,5856143.97758187,0.3451,20
6,4.5,417818.54925175733,5856144.45887067,0.3018,20
6,5.0,417818.67480535735,5856144.94015947,0.2093,20
6,5.5,417818.82128455734,5856145.42144827,0.3187,20
6,6.0,417818.94683815737,5856145.90273707,0.3374,20
6,6.5,417819.07239175733,5856146.38402587,0.3187,20
6,7.0,417819.17701975734,5856146.86531467,0.397,20
6,7.5,417819.3234989573,5856147.34660347,0.3047,20
6,8.0,417819.49090375734,5856147.82789227,0.3743,20
6,8.5,417819.6373829573,5856148.30918107,0.4185,20
7,0.0,417828.15410215734,5856153.95909307,0.1674,15
7,0.5,417827.6728133573,5856154.08464667,0.2511,15
7,1.0,417827.19152455736,5856154.21020027,0.1674,15
7,1.5,417826.6893101573,5856154.27297707,0.2093,15
7,2.0,417826.18709575734,5856154.33575387,0.2511,15
7,2.5,417825.7058069573,5856154.46130747,0.1674,15
7,3.0,417825.22451815737,5856154.58686107,0.2647,15
7,3.5,417824.74322935735,5856154.71241467,0.2254,15
7,4.0,417824.26194055734,5856154.85889387,0.244,15
7,4.5,417823.7806517573,5856154.98444747,0.244,15
7,5.0,417823.29936295736,5856155.11000107,0.2511,15
7,5.5,417822.81807415735,5856155.25648027,0.2647,15
7,6.0,417822.3367853573,5856155.42388507,0.2254,15
7,6.5,417821.87642215734,5856155.57036427,0.2254,15
7,7.0,417821.3951333573,5856155.71684347,0.244,15
7,7.5,417820.91384455736,5856155.863322671,0.244,15
7,8.0,417820.43255575735,5856156.03072747,0.2254,15
8,0.0,417767.97207655734,5856117.50669787,0.3551,59
8,0.5,417767.70004375733,5856117.925209871,0.2807,59
8,1.0,417767.51171335735,5856118.3855730705,0.2647,59
8,1.5,417767.30245735735,5856118.84593627,0.3018,59
8,2.0,417767.05135015736,5856119.28537387,0.3743,59
8,2.5,417766.84209415736,5856119.72481147,0.4772,59
8,3.0,417766.67468935734,5856120.20610027,0.5177,59
8,3.5,417766.50728455733,5856120.66646347,0.5177,59
8,4.0,417766.31895415735,5856121.12682667,0.5244,59
8,4.5,417766.10969815735,5856121.58718987,0.5244,59
8,5.0,417765.9213677573,5856122.04755307,0.5057,59
8,5.5,417765.73303735733,5856122.50791627,0.4899,59
8,6.0,417765.52378135733,5856122.96827947,0.4268,59
8,6.5,417765.29359975737,5856123.407717071,0.4679,59
8,7.0,417765.08434375736,5856123.8680802705,0.4679,59
8,7.5,417764.85416215734,5856124.30751787,0.4309,59
9,0.0,417807.6470141573,5856145.5888530705,0.4604,28
9,0.5,417807.5423861573,5856146.0701418705,0.7115,28
9,1.0,417807.39590695733,5856146.551430671,0.7115,28
9,1.5,417807.2285021573,5856147.032719471,0.7115,28
9,2.0,417807.06109735736,5856147.4930826705,0.7152,28
9,2.5,417806.89369255735,5856147.9743714705,0.7309,28
9,3.0,417806.7053621573,5856148.43473467,0.7152,28
9,3.5,417806.53795735736,5856148.89509787,0.6617,28
9,4.0,417806.41240375733,5856149.37638667,0.6617,28
9,4.5,417806.22407335736,5856149.85767547,0.7115,28
9,5.0,417806.05666855734,5856150.31803867,0.6617,28
9,5.5,417805.9311149573,5856150.79932747,0.7016,28
9,6.0,417805.7846357573,5856151.28061627,0.7545,28
9,6.5,417805.6172309573,5856151.76190507,0.7416,28
9,7.0,417805.44982615736,5856152.22226827,0.6813,28
10,0.0,417760.20867895737,5856109.24108587,0.2093,62
10,0.5,417760.1668277573,5856109.74330027,0.2511,62
10,1.0,417760.10405095736,5856110.24551467,0.2093,62
10,1.5,417760.0621997573,5856110.72680347,0.2254,62
10,2.0,417759.97849735734,5856111.2290178705,0.244,62
10,2.5,417759.89479495736,5856111.731232271,0.2254,62
10,3.0,417759.8110925573,5856112.212521071,0.244,62
10,3.5,417759.7064645573,5856112.693809871,0.2134,62
10,4.0,417759.62276215735,5856113.19602427,0.2254,62
10,4.5,417759.5390597573,5856113.67731307,0.2134,62
10,5.0,417759.45535735734,5856114.17952747,0.2254,62
10,5.5,417759.37165495736,5856114.68174187,0.2134,62
10,6.0,417759.30887815735,5856115.16303067,0.2134,62
10,6.5,417759.22517575737,5856115.66524507,0.2254,62
10,7.0,417759.14147335733,5856116.14653387,0.2511,62
11,0.0,417863.87410135736,5856144.81460587,0.2647,9
11,0.5,417863.49744055734,5856145.14941547,0.5615,9
11,1.0,417863.20448215737,5856145.54700187,0.536,9
11,1.5,417862.9115237573,5856145.96551387,0.504,9
11,2.0,417862.6394909573,5856146.38402587,0.5109,9
11,2.5,417862.36745815736,5856146.802537871,0.5244,9
11,3.0,417862.11635095737,5856147.22104987,0.4369,9
11,3.5,417861.8652437573,5856147.66048747,0.4309,9
11,4.0,417861.59321095736,5856148.07899947,0.4679,9
11,4.5,417861.32117815735,5856148.49751147,0.4369,9
11,5.0,417861.04914535733,5856148.91602347,0.4309,9
11,5.5,417860.7771125573,5856149.33453547,0.4735,9
11,6.0,417860.4632285573,5856149.73212187,0.4679,9
11,6.5,417860.1493445573,5856150.10878267,0.4527,9
12,0.0,417835.47806215734,5856144.54257307,0.3743,17
12,0.5,417835.20602935733,5856144.96108507,0.3743,17
12,1.0,417834.9339965573,5856145.37959707,0.3018,17
12,1.5,417834.66196375736,5856145.79810907,0.2959,17
12,2.0,417834.3690053573,5856146.21662107,0.2807,17
12,2.5,417834.11789815733,5856146.63513307,0.3018,17
12,3.0,417833.82493975735,5856147.05364507,0.3187,17
12,3.5,417833.55290695734,5856147.47215707,0.36,17
12,4.0,417833.2808741573,5856147.86974347,0.3948,17
12,4.5,417833.00884135737,5856148.30918107,0.3858,17
12,5.0,417832.73680855735,5856148.72769307,0.3948,17
12,5.5,417832.4438501573,5856149.12527947,0.3858,17
12,6.0,417832.15089175734,5856149.52286587,0.3551,17
12,6.5,417831.8788589573,5856149.94137787,0.3551,17
13,0.0,417754.78894855734,5856119.03426667,0.5441,61
13,0.5,417754.80987415736,5856119.53648107,0.3767,61
13,1.0,417754.8307997573,5856120.03869547,0.3767,61
13,1.5,417754.95635335735,5856120.51998427,0.0837,61
13,2.0,417754.89357655734,5856121.00127307,0.2093,61
13,2.5,417754.7261717573,5856121.4825618705,0.4604,61
13,3.0,417754.68432055734,5856121.9638506705,0.5022,61
13,3.5,417754.6215437573,5856122.466065071,0.5859,61
13,4.0,417754.60061815736,5856122.96827947,0.6222,61
13,4.5,417754.57969255734,5856123.47049387,0.6094,61
13,5.0,417754.57969255734,5856123.97270827,0.6278,61
13,5.5,417754.57969255734,5856124.47492267,0.6696,61
13,6.0,417754.57969255734,5856124.95621147,0.6696,61
13,6.5,417754.60061815736,5856125.45842587,0.6696,61
14,0.0,417794.61036535737,5856158.12328747,0.4679,32
14,0.5,417794.23370455735,5856158.43717147,0.4527,32
14,1.0,417793.8361181573,5856158.75105547,0.4449,32
14,1.5,417793.45945735736,5856159.08586507,0.4309,32
14,2.0,417793.10372215736,5856159.441600271,0.4735,32
14,2.5,417792.72706135735,5856159.77640987,0.4735,32
14,3.0,417792.37132615736,5856160.11121947,0.4735,32
14,3.5,417791.99466535734,5856160.44602907,0.4735,32
14,4.0,417791.63893015735,5856160.78083867,0.504,32
14,4.5,417791.26226935734,5856161.13657387,0.504,32
14,5.0,417790.90653415734,5856161.47138347,0.5109,32
14,5.5,417790.5298733573,5856161.8061930705,0.504,32
14,6.0,417790.1532125573,5856162.14100267,0.4527,32
15,0.0,417862.66041655734,5856144.77275467,0.4206,12
15,0.5,417862.24190455733,5856145.06571307,0.2807,12
15,1.0,417861.88616935734,5856145.40052267,0.2367,12
15,1.5,417861.53043415735,5856145.73533227,0.2367,12
15,2.0,417861.17469895736,5856146.09106747,0.2367,12
15,2.5,417860.79803815734,5856146.44680267,0.3551,12
15,3.0,417860.44230295735,5856146.802537871,0.2959,12
15,3.5,417860.1074933573,5856147.15827307,0.2093,12
15,4.0,417859.75175815733,5856147.4930826705,0.3858,12
15,4.5,417859.3750973573,5856147.82789227,0.3858,12
15,5.0,417859.04028775735,5856148.2045530705,0.2959,12
15,5.5,417858.66362695734,5856148.53936267,0.2959,12
15,6.0,417858.32881735737,5856148.89509787,0.2959,12
16,0.0,417760.87829815736,5856110.35014267,0.2254,63
16,0.5,417760.77367015736,5856110.83143147,0.2546,63
16,1.0,417760.66904215736,5856111.33364587,0.2511,63
16,1.5,417760.54348855733,5856111.81493467,0.2546,63
16,2.0,417760.43886055733,5856112.29622347,0.2511,63
16,2.5,417760.33423255733,5856112.79843787,0.293,63
16,3.0,417760.22960455733,5856113.27972667,0.2093,63
16,3.5,417760.10405095736,5856113.76101547,0.1872,63
16,4.0,417759.97849735734,5856114.24230427,0.2134,63
16,4.5,417759.8529437573,5856114.72359307,0.2093,63
16,5.0,417759.7483157573,5856115.22580747,0.2093,63
16,5.5,417759.6436877573,5856115.70709627,0.1674,63
16,6.0,417759.51813415735,5856116.18838507,0.1726,63
17,0.0,417782.93388055736,5856167.39332827,0.2093,37
17,0.5,417782.91295495734,5856167.89554267,0.1256,37
17,1.0,417782.91295495734,5856168.39775707,0.1674,37
17,1.5,417782.87110375735,5856168.89997147,0.1674,37
17,2.0,417782.7874013573,5856169.38126027,0.1726,37
17,2.5,417782.72462455736,5856169.88347467,0.2093,37
17,3.0,417782.72462455736,5856170.38568907,0.1674,37
17,3.5,417782.70369895734,5856170.887903471,0.1256,37
17,4.0,417782.59907095734,5856171.36919227,0.2134,37
17,4.5,417782.45259175735,5856171.85048107,0.2093,37
17,5.0,417782.3270381573,5856172.33176987,0.2093,37
17,5.5,417782.28518695734,5856172.83398427,0.2511,37
17,6.0,417782.30611255736,5856173.31527307,0.2511,37
18,0.0,417828.07039975736,5856145.29589467,0.2807,21
18,0.5,417828.1331765573,5856145.79810907,0.293,21
18,1.0,417828.21687895735,5856146.27939787,0.3047,21
18,1.5,417828.3005813573,5856146.7816122705,0.3348,21
18,2.0,417828.36335815734,5856147.2629010705,0.2254,21
18,2.5,417828.4470605573,5856147.76511547,0.3187,21
18,3.0,417828.53076295735,5856148.26732987,0.2093,21
18,3.5,417828.59353975736,5856148.74861867,0.1509,21
18,4.0,417828.69816775736,5856149.25083307,0.244,21
18,4.5,417828.80279575736,5856149.73212187,0.1674,21
18,5.0,417828.84464695735,5856150.23433627,0.1674,21
18,5.5,417828.90742375737,5856150.73655067,0.1872,21
18,6.0,417828.99112615734,5856151.21783947,0.1323,21
19,0.0,417758.82758935733,5856107.692591471,0.2511,60
19,0.5,417758.68111015734,5856108.17388027,0.4268,60
19,1.0,417758.59740775736,5856108.65516907,0.5022,60
19,1.5,417758.5137053573,5856109.15738347,0.5091,60
19,2.0,417758.43000295735,5856109.63867227,0.5457,60
19,2.5,417758.36722615734,5856110.14088667,0.5441,60
19,3.0,417758.28352375736,5856110.64310107,0.5692,60
19,3.5,417758.17889575736,5856111.12438987,0.6497,60
19,4.0,417758.07426775736,5856111.60567867,0.6813,60
19,4.5,417757.9905653573,5856112.10789307,0.6902,60
19,5.0,417757.94871415733,5856112.61010747,0.7115,60
19,5.5,417757.92778855737,5856113.11232187,0.6696,60
19,6.0,417757.86501175736,5856113.59361067,0.6902,60
20,0.0,417819.65830855735,5856148.97880027,0.2134,24
20,0.5,417819.2188709573,5856149.20898187,0.1726,24
20,1.0,417818.75850775733,5856149.43916347,0.2093,24
20,1.5,417818.3399957573,5856149.69027067,0.1776,24
20,2.0,417817.9214837573,5856149.96230347,0.2254,24
20,2.5,417817.48204615735,5856150.21341067,0.2254,24
20,3.0,417817.0426085573,5856150.44359227,0.244,24
20,3.5,417816.60317095736,5856150.69469947,0.2367,24
20,4.0,417816.16373335733,5856150.92488107,0.2254,24
20,4.5,417815.72429575736,5856151.13413707,0.2959,24
20,5.0,417815.28485815733,5856151.36431867,0.3187,24
20,5.5,417814.84542055737,5856151.61542587,0.3187,24
20,6.0,417814.40598295734,5856151.86653307,0.3269,24
21,0.0,417757.71853255737,5856114.01212267,0.9207,60
21,0.5,417757.69760695734,5856114.51433707,0.7963,60
21,1.0,417757.71853255737,5856115.01655147,0.7533,60
21,1.5,417757.71853255737,5856115.5187658705,0.7115,60
21,2.0,417757.76038375736,5856116.0000546705,0.7115,60
21,2.5,417757.80223495734,5856116.502269071,0.805,60
21,3.0,417757.84408615733,5856117.00448347,0.805,60
21,3.5,417757.86501175736,5856117.50669787,0.7996,60
21,4.0,417757.86501175736,5856118.00891227,0.758,60
21,4.5,417757.7813093573,5856118.49020107,0.5441,60
21,5.0,417757.71853255737,5856118.99241547,0.4604,60
21,5.5,417757.63483015733,5856119.49462987,0.3767,60
22,0.0,417806.57980855735,5856122.6753210705,0.293,49
22,0.5,417806.32870135736,5856123.11475867,0.36,49
22,1.0,417806.1403709573,5856123.57512187,0.4508,49
22,1.5,417805.95204055734,5856124.03548507,0.4679,49
22,2.0,417805.7218589573,5856124.47492267,0.4309,49
22,2.5,417805.49167735735,5856124.91436027,0.4508,49
22,3.0,417805.2614957573,5856125.37472347,0.397,49
22,3.5,417805.07316535735,5856125.83508667,0.4122,49
22,4.0,417804.86390935734,5856126.274524271,0.3576,49
22,4.5,417804.69650455733,5856126.755813071,0.4122,49
22,5.0,417804.4872485573,5856127.2161762705,0.3948,49
22,5.5,417804.25706695736,5856127.65561387,0.3576,49
23,0.0,417805.34519815736,5856143.26611147,0.3451,47
23,0.5,417804.90576055733,5856143.51721867,0.4206,47
23,1.0,417804.46632295736,5856143.74740027,0.4604,47
23,1.5,417804.02688535734,5856143.97758187,0.4772,47
23,2.0,417803.56652215734,5856144.165912271,0.4369,47
23,2.5,417803.10615895735,5856144.37516827,0.3858,47
23,3.0,417802.68764695735,5856144.647201071,0.3348,47
23,3.5,417802.26913495734,5856144.89830827,0.3047,47
23,4.0,417801.7878461573,5856145.08663867,0.4881,47
23,4.5,417801.34840855736,5856145.31682027,0.36,47
23,5.0,417800.90897095733,5856145.54700187,0.3047,47
23,5.5,417800.4904589573,5856145.8190346705,0.2647,47
24,0.0,417817.8168557573,5856129.74817387,0.3374,30
24,0.5,417817.58667415736,5856130.18761147,0.2254,30
24,1.0,417817.35649255733,5856130.62704907,0.1872,30
24,1.5,417817.12631095736,5856131.06648667,0.2093,30
24,2.0,417816.85427815735,5856131.48499867,0.2367,30
24,2.5,417816.60317095736,5856131.92443627,0.1872,30
24,3.0,417816.37298935733,5856132.36387387,0.2093,30
24,3.5,417816.14280775737,5856132.80331147,0.2093,30
24,4.0,417815.91262615734,5856133.26367467,0.1726,30
24,4.5,417815.66151895735,5856133.682186671,0.2254,30
24,5.0,417815.38948615734,5856134.10069867,0.3018,30
24,5.5,417815.15930455737,5856134.56106187,0.244,30
25,0.0,417797.10051175737,5856156.23998347,0.4604,31
25,0.5,417796.99588375736,5856156.72127227,0.4508,31
25,1.0,417796.89125575736,5856157.22348667,0.4369,31
25,1.5,417796.78662775736,5856157.70477547,0.4623,31
25,2.0,417796.66107415734,5856158.18606427,0.4623,31
25,2.5,417796.5355205573,5856158.66735307,0.4623,31
25,3.0,417796.40996695735,5856159.14864187,0.4369,31
25,3.5,417796.2844133573,5856159.65085627,0.4508,31
25,4.0,417796.15885975736,5856160.1321450705,0.4772,31
25,4.5,417796.01238055737,5856160.6134338705,0.4679,31
25,5.0,417795.88682695734,5856161.0947226705,0.4899,31
26,0.0,417799.10936935735,5856148.53936267,0.3743,31
26,0.5,417799.00474135735,5856149.02065147,0.3858,31
26,1.0,417798.8791877573,5856149.50194027,0.3743,31
26,1.5,417798.75363415736,5856150.00415467,0.379,31
26,2.0,417798.62808055733,5856150.48544347,0.3858,31
26,2.5,417798.48160135734,5856150.96673227,0.4508,31
26,3.0,417798.33512215735,5856151.42709547,0.4623,31
26,3.5,417798.23049415735,5856151.92930987,0.4206,31
26,4.0,417798.12586615735,5856152.41059867,0.397,31
26,4.5,417798.02123815735,5856152.89188747,0.4185,31
26,5.0,417797.87475895736,5856153.37317627,0.4623,31
27,0.0,417823.1110325573,5856153.05929227,0.0936,25
27,0.5,417823.61324695736,5856153.12206907,0.244,25
27,1.0,417824.0945357573,5856153.20577147,0.2546,25
27,1.5,417824.59675015736,5856153.26854827,0.3187,25
27,2.0,417825.09896455734,5856153.24762267,0.2134,25
27,2.5,417825.58025335736,5856153.33132507,0.2959,25
27,3.0,417826.08246775734,5856153.37317627,0.2647,25
27,3.5,417826.5846821573,5856153.41502747,0.2807,25
27,4.0,417827.08689655736,5856153.477804271,0.2511,25
27,4.5,417827.58911095734,5856153.477804271,0.1674,25
27,5.0,417828.07039975736,5856153.54058107,0.2093,25
28,0.0,417774.3334589573,5856139.164693871,0.4122,53
28,0.5,417774.20790535735,5856139.645982671,0.4122,53
28,1.0,417773.99864935735,5856140.1063458705,0.4508,53
28,1.5,417773.89402135735,5856140.587634671,0.4679,53
28,2.0,417773.78939335735,5856141.08984907,0.4679,53
28,2.5,417773.62198855734,5856141.550212271,0.4268,53
28,3.0,417773.4545837573,5856142.0105754705,0.4679,53
28,3.5,417773.28717895737,5856142.4918642705,0.4508,53
28,4.0,417773.09884855733,5856142.95222747,0.5441,53
28,4.5,417772.86866695737,5856143.39166507,0.5022,53
28,5.0,417772.63848535734,5856143.85202827,0.4772,53
29,0.0,417775.9865813573,5856128.74374507,0.8739,58
29,0.5,417775.9447301573,5856129.24595947,0.5874,58
29,1.0,417775.79825095733,5856129.70632267,0.7545,58
29,1.5,417775.56806935737,5856130.14576027,0.9707,58
29,2.0,417775.4215901573,5856130.62704907,0.9797,58
29,2.5,417775.29603655735,5856131.10833787,0.9405,58
29,3.0,417775.14955735736,5856131.58962667,1.0353,58
29,3.5,417775.0030781573,5856132.07091547,1.0463,58
29,4.0,417774.9612269573,5856132.55220427,0.8464,58
29,4.5,417774.98215255735,5856133.03349307,0.5091,58
29,5.0,417774.8565989573,5856133.51478187,0.6333,58
30,0.0,417781.21798135736,5856157.9977338705,0.2807,44
30,0.5,417780.84132055735,5856158.33254347,0.2959,44
30,1.0,417780.56928775733,5856158.75105547,0.5919,44
30,1.5,417780.27632935735,5856159.14864187,0.5992,44
30,2.0,417779.92059415736,5856159.48345147,0.5919,44
30,2.5,417779.58578455733,5856159.88103787,0.5992,44
30,3.0,417779.23004935734,5856160.23677307,0.6036,44
30,3.5,417778.8952397573,5856160.59250827,0.5692,44
30,4.0,417778.5395045573,5856160.92731787,0.6388,44
30,4.5,417778.16284375737,5856161.26212747,0.4881,44
30,5.0,417777.78618295735,5856161.59693707,0.3187,44
31,0.0,417755.06098135735,5856114.13767627,0.5505,61
31,0.5,417755.04005575733,5856114.63989067,0.5584,61
31,1.0,417755.10283255734,5856115.14210507,0.5441,61
31,1.5,417755.1865349573,5856115.62339387,0.3348,61
31,2.0,417755.20746055734,5856116.12560827,0.244,61
31,2.5,417755.1865349573,5856116.62782267,0.2511,61
31,3.0,417755.12375815737,5856117.13003707,0.293,61
31,3.5,417754.99820455734,5856117.61132587,0.397,61
31,4.0,417754.91450215736,5856118.09261467,0.4604,61
31,4.5,417754.8307997573,5856118.59482907,0.5505,61
32,0.0,417818.61202855734,5856130.7944538705,0.244,30
32,0.5,417818.2353677573,5856131.10833787,0.1509,30
32,1.0,417817.87963255733,5856131.48499867,0.1776,30
32,1.5,417817.58667415736,5856131.88258507,0.2367,30
32,2.0,417817.31464135734,5856132.30109707,0.2093,30
32,2.5,417817.02168295736,5856132.719609071,0.2093,30
32,3.0,417816.74965015735,5856133.11719547,0.2647,30
32,3.5,417816.45669175737,5856133.51478187,0.3187,30
32,4.0,417816.12188215734,5856133.8914426705,0.3551,30
32,4.5,417815.7870725573,5856134.26810347,0.2647,30
33,0.0,417803.60837335733,5856146.50957947,0.244,46
33,0.5,417803.16893575736,5856146.73976107,0.3047,46
33,1.0,417802.68764695735,5856146.86531467,0.2511,46
33,1.5,417802.20635815733,5856147.032719471,0.1674,46
33,2.0,417801.7250693573,5856147.13734747,0.3348,46
33,2.5,417801.2647061573,5856147.34660347,0.3576,46
33,3.0,417800.80434295733,5856147.53493387,0.3187,46
33,3.5,417800.3230541573,5856147.70233867,0.3858,46
33,4.0,417799.8626909573,5856147.84881787,0.4623,46
34,0.0,417817.58667415736,5856145.77718347,0.0837,18
34,0.5,417817.44019495737,5856146.25847227,0.1509,18
34,1.0,417817.31464135734,5856146.73976107,0.1674,18
34,1.5,417817.21001335734,5856147.22104987,0.1256,18
34,2.0,417817.10538535734,5856147.72326427,0.1323,18
34,2.5,417816.9798317573,5856148.2045530705,0.1726,18
34,3.0,417816.8752037573,5856148.6858418705,0.2093,18
34,3.5,417816.8333525573,5856149.188056271,0.1323,18
34,4.0,417816.68687335734,5856149.66934507,0.2093,18
35,0.0,417795.69849655736,5856161.61786267,0.4508,31
35,0.5,417795.57294295734,5856162.09915147,0.5057,31
35,1.0,417795.42646375735,5856162.58044027,0.5177,31
35,1.5,417795.27998455736,5856163.06172907,0.5177,31
35,2.0,417795.15443095734,5856163.54301787,0.504,31
35,2.5,417794.96610055736,5856164.00338107,0.5177,31
35,3.0,417794.79869575734,5856164.48466987,0.5294,31
35,3.5,417794.61036535737,5856164.94503307,0.5057,31
35,4.0,417794.40110935736,5856165.3844706705,0.5057,31
36,0.0,417856.38273655734,5856151.44802107,0.0592,12
36,0.5,417855.9432989573,5856151.69912827,0.2647,12
36,1.0,417855.54571255733,5856151.99208667,0.2254,12
36,1.5,417855.18997735734,5856152.32689627,0.1776,12
36,2.0,417854.79239095736,5856152.64078027,0.2546,12
36,2.5,417854.43665575737,5856152.996515471,0.1726,12
36,3.0,417854.0390693573,5856153.28947387,0.1872,12
36,3.5,417853.6624085573,5856153.62428347,0.1323,12
36,4.0,417853.32759895734,5856153.98001867,0.0936,12
37,0.0,417784.67070535733,5856167.85369147,0.0419,40
37,0.5,417784.5033005573,5856168.31405467,0.1256,40
37,1.0,417784.37774695735,5856168.81626907,0.2093,40
37,1.5,417784.23126775736,5856169.27663227,0.2367,40
37,2.0,417783.91738375736,5856169.67421867,0.2093,40
37,2.5,417783.6244253573,5856170.07180507,0.0837,40
37,3.0,417783.43609495735,5856170.53216827,0.1184,40
37,3.5,417783.24776455737,5856170.99253147,0.0936,40
38,0.0,417811.41362215736,5856162.97802667,0.4185,3
38,0.5,417811.91583655734,5856162.97802667,0.4185,3
38,1.0,417812.4180509573,5856162.9989522705,0.4185,3
38,1.5,417812.92026535736,5856163.019877871,0.4185,3
38,2.0,417813.42247975734,5856163.04080347,0.4185,3
38,2.5,417813.90376855736,5856163.04080347,0.4185,3
38,3.0,417814.40598295734,5856163.04080347,0.4185,3
38,3.5,417814.9081973573,5856163.04080347,0.4185,3
39,0.0,417767.76282055734,5856166.64000667,0.2093,43
39,0.5,417767.5326389573,5856167.07944427,0.2807,43
39,1.0,417767.30245735735,5856167.51888187,0.3551,43
39,1.5,417767.05135015736,5856167.95831947,0.2807,43
39,2.0,417766.8630197573,5856168.41868267,0.2647,43
39,2.5,417766.67468935734,5856168.87904587,0.2959,43
39,3.0,417766.3398797573,5856169.25570667,0.3047,43
39,3.5,417766.1306237573,5856169.71606987,0.2807,43
40,0.0,417792.72706135735,5856160.90639227,0.2093,34
40,0.5,417792.58058215736,5856161.38768107,0.2093,34
40,1.0,417792.4341029573,5856161.86896987,0.2093,34
40,1.5,417792.2876237573,5856162.32933307,0.2134,34
40,2.0,417792.12021895737,5856162.81062187,0.1872,34
40,2.5,417791.9737397573,5856163.29191067,0.2093,34
40,3.0,417791.84818615735,5856163.77319947,0.2134,34
40,3.5,417791.68078135734,5856164.25448827,0.2093,34
41,0.0,417778.24654615734,5856154.44038187,0.3858,45
41,0.5,417778.0163645573,5856154.87981947,0.5057,45
41,1.0,417777.74433175736,5856155.29833147,0.6179,45
41,1.5,417777.5560013573,5856155.75869467,0.5814,45
41,2.0,417777.3467453573,5856156.21905787,0.5057,45
41,2.5,417777.11656375736,5856156.65849547,0.4772,45
41,3.0,417776.86545655737,5856157.09793307,0.4527,45
41,3.5,417776.6143493573,5856157.5164450705,0.3187,45
42,0.0,417817.77500455733,5856152.82911067,0.2546,26
42,0.5,417817.33556695736,5856153.05929227,0.2367,26
42,1.0,417816.8752037573,5856153.24762267,0.3576,26
42,1.5,417816.39391495736,5856153.39410187,0.2254,26
42,2.0,417815.91262615734,5856153.56150667,0.244,26
42,2.5,417815.45226295735,5856153.707985871,0.2254,26
42,3.0,417814.97097415733,5856153.87539067,0.2093,26
42,3.5,417814.51061095734,5856154.06372107,0.244,26
43,0.0,417823.7806517573,5856141.90594747,0.2093,23
43,0.5,417823.73880055733,5856142.40816187,0.2647,23
43,1.0,417823.69694935734,5856142.91037627,0.3348,23
43,1.5,417823.61324695736,5856143.39166507,0.2807,23
43,2.0,417823.55047015735,5856143.89387947,0.2959,23
43,2.5,417823.4667677573,5856144.37516827,0.2511,23
43,3.0,417823.4249165573,5856144.8773826705,0.244,23
43,3.5,417823.3202885573,5856145.37959707,0.0419,23
44,0.0,417782.7455501573,5856121.67089227,0.4899,55
44,0.5,417782.61999655736,5856122.15218107,0.5244,55
44,1.0,417782.3688893573,5856122.59161867,0.5615,55
44,1.5,417782.13870775735,5856123.03105627,0.5294,55
44,2.0,417781.9085261573,5856123.47049387,0.5441,55
44,2.5,417781.65741895733,5856123.90993147,0.4881,55
44,3.0,417781.40631175734,5856124.3493690705,0.5814,55
45,0.0,417807.50053495733,5856129.72724827,0.2959,48
45,0.5,417807.29127895733,5856130.16668587,0.6333,48
45,1.0,417806.95646935736,5856130.564272271,0.6748,48
45,1.5,417806.57980855735,5856130.89908187,0.3767,48
45,2.0,417806.18222215737,5856131.19204027,0.2647,48
45,2.5,417805.86833815736,5856131.58962667,0.2546,48
45,3.0,417805.5126029573,5856131.92443627,0.1776,48
46,0.0,417781.46908855735,5856175.32413067,0.3047,36
46,0.5,417781.2807581573,5856175.78449387,0.2254,36
46,1.0,417781.09242775734,5856176.24485707,0.2134,36
46,1.5,417780.88317175733,5856176.70522027,0.1776,36
46,2.0,417780.6111389573,5856177.12373227,0.2254,36
46,2.5,417780.36003175733,5856177.5631698705,0.1872,36
46,3.0,417780.1507757573,5856178.00260747,0.2254,36
47,0.0,417824.28286615736,5856156.26090907,0.0419,19
47,0.5,417824.5130477573,5856156.70034667,0.1726,19
47,1.0,417824.74322935735,5856157.13978427,0.1323,19
47,1.5,417824.93155975733,5856157.60014747,0.1323,19
47,2.0,417825.11989015737,5856158.08143627,0.1509,19
47,2.5,417825.30822055734,5856158.54179947,0.1323,19
47,3.0,417825.51747655735,5856158.98123707,0.1323,19
48,0.0,417816.03817975736,5856159.65085627,0.2647,14
48,0.5,417815.93355175736,5856160.1321450705,0.2546,14
48,1.0,417815.8498493573,5856160.634359471,0.2647,14
48,1.5,417815.76614695735,5856161.11564827,0.2511,14
48,2.0,417815.66151895735,5856161.61786267,0.2647,14
48,2.5,417815.5359653573,5856162.09915147,0.2511,14
48,3.0,417815.45226295735,5856162.58044027,0.244,14
49,0.0,417859.3750973573,5856151.21783947,0.3948,9
49,0.5,417859.0193621573,5856151.573574671,0.397,9
49,1.0,417858.7054781573,5856151.95023547,0.3743,9
49,1.5,417858.4334453573,5856152.38967307,0.3187,9
49,2.0,417858.16141255735,5856152.78725947,0.3858,9
49,2.5,417857.8684541573,5856153.18484587,0.4268,9
49,3.0,417857.57549575734,5856153.60335787,0.4185,9
50,0.0,417773.43365815736,5856169.10922747,0.0419,41
50,0.5,417773.47550935735,5856169.61144187,0.1256,41
50,1.0,417773.47550935735,5856170.11365627,0.1256,41
50,1.5,417773.47550935735,5856170.61587067,0.1674,41
50,2.0,417773.47550935735,5856171.09715947,0.0837,41
50,2.5,417773.41273255734,5856171.5993738705,0.1184,41
50,3.0,417773.37088135735,5856172.10158827,0.1256,41
51,0.0,417821.83457095735,5856156.07257867,0.5441,20
51,0.5,417821.98105015734,5856156.5538674705,0.5441,20
51,1.0,417822.10660375736,5856157.0351562705,0.5091,20
51,1.5,417822.2321573573,5856157.5164450705,0.5091,20
51,2.0,417822.3786365573,5856157.9977338705,0.5441,20
51,2.5,417822.52511575737,5856158.479022671,0.5057,20
51,3.0,417822.67159495736,5856158.960311471,0.5177,20
52,0.0,417801.32748295733,5856138.80895867,0.0419,31
52,0.5,417801.24378055736,5856139.31117307,0.1256,31
52,1.0,417801.11822695733,5856139.79246187,0.0936,31
52,1.5,417801.01359895733,5856140.27375067,0.1323,31
52,2.0,417800.92989655735,5856140.77596507,0.1726,31
52,2.5,417800.8461941573,5856141.25725387,0.2254,31
53,0.0,417828.59353975736,5856154.79611707,0.0419,16
53,0.5,417828.38428375736,5856155.25648027,0.2647,16
53,1.0,417828.27965575736,5856155.73776907,0.2647,16
53,1.5,417828.1959533573,5856156.23998347,0.3187,16
53,2.0,417828.11225095735,5856156.72127227,0.3187,16
53,2.5,417828.0285485573,5856157.22348667,0.293,16
54,0.0,417799.25584855734,5856137.4697202705,0.2093,49
54,0.5,417798.94196455734,5856137.86730667,0.5505,49
54,1.0,417798.73270855733,5856138.30674427,0.5814,49
54,1.5,417798.54437815736,5856138.76710747,0.6179,49
54,2.0,417798.33512215735,5856139.22747067,0.6375,49
54,2.5,417798.12586615735,5856139.68783387,0.5814,49
55,0.0,417775.08678055735,5856160.3832522705,0.2511,45
55,0.5,417774.9612269573,5856160.864541071,0.4206,45
55,1.0,417774.73104535736,5856161.30397867,0.5244,45
55,1.5,417774.39623575733,5856161.68063947,0.6222,45
55,2.0,417774.2288309573,5856162.16192827,0.3576,45
55,2.5,417774.1242029573,5856162.64321707,0.1256,45
56,0.0,417799.67436055734,5856127.53006027,0.2093,51
56,0.5,417799.46510455734,5856127.99042347,0.2254,51
56,1.0,417799.1930717573,5856128.4089354705,0.293,51
56,1.5,417798.94196455734,5856128.82744747,0.3187,51
56,2.0,417798.64900615736,5856129.24595947,0.3374,51
56,2.5,417798.43975015735,5856129.70632267,0.3374,51
57,0.0,417861.0909965573,5856154.50315867,0.1872,8
57,0.5,417860.65155895735,5856154.73334027,0.244,8
57,1.0,417860.19119575736,5856154.92167067,0.2647,8
57,1.5,417859.7308325573,5856155.11000107,0.2546,8
57,2.0,417859.2704693573,5856155.31925707,0.2093,8
57,2.5,417858.8101061573,5856155.52851307,0.2647,8
58,0.0,417768.53706775734,5856168.64886427,0.2647,42
58,0.5,417768.28596055735,5856169.06737627,0.2807,42
58,1.0,417768.03485335736,5856169.50681387,0.2093,42
58,1.5,417767.78374615737,5856169.94625147,0.2647,42
58,2.0,417767.5326389573,5856170.38568907,0.2254,42
58,2.5,417767.2815317573,5856170.80420107,0.1872,42
59,0.0,417819.7838621573,5856156.17720667,0.1256,15
59,0.5,417819.34442455735,5856156.40738827,0.2546,15
59,1.0,417818.86313575733,5856156.574793071,0.2959,15
59,1.5,417818.40277255734,5856156.74219787,0.2807,15
59,2.0,417817.9214837573,5856156.90960267,0.2807,15
59,2.5,417817.46112055733,5856157.07700747,0.2254,15
60,0.0,417807.20757655735,5856118.09261467,0.1674,50
60,0.5,417806.99832055735,5856118.55297787,0.1726,50
60,1.0,417806.7053621573,5856118.95056427,0.3374,50
60,1.5,417806.4961061573,5856119.41092747,0.2647,50
60,2.0,417806.26592455734,5856119.850365071,0.2093,50
60,2.5,417805.97296615737,5856120.24795147,0.268,50
61,0.0,417859.31232055736,5856150.90395547,0.2807,11
61,0.5,417858.8101061573,5856150.92488107,0.2511,11
61,1.0,417858.32881735737,5856151.00858347,0.2093,11
61,1.5,417857.8266029573,5856151.0713602705,0.2093,11
61,2.0,417857.32438855735,5856151.11321147,0.2093,11
61,2.5,417856.82217415737,5856151.15506267,0.2093,11
62,0.0,417812.81563735736,5856152.80818507,0.3187,24
62,0.5,417812.39712535735,5856153.08021787,0.3018,24
62,1.0,417811.9995389573,5856153.37317627,0.2807,24
62,1.5,417811.5810269573,5856153.66613467,0.268,24
62,2.0,417811.16251495737,5856153.9381674705,0.2647,24
62,2.5,417810.7649285573,5856154.23112587,0.2367,24
63,0.0,417819.86756455735,5856149.02065147,0.4206,20
63,0.5,417819.97219255735,5856149.50194027,0.4268,20
63,1.0,417820.0977461573,5856150.00415467,0.4508,20
63,1.5,417820.24422535737,5856150.46451787,0.4772,20
63,2.0,417820.36977895733,5856150.96673227,0.4369,20
63,2.5,417820.49533255736,5856151.44802107,0.4899,20
64,0.0,417820.5162581573,5856152.11764027,0.2093,26
64,0.5,417820.01404375734,5856152.20134267,0.1674,26
64,1.0,417819.5327549573,5856152.2641194705,0.1674,26
64,1.5,417819.05146615737,5856152.43152427,0.2093,26
64,2.0,417818.61202855734,5856152.61985467,0.1726,26
64,2.5,417818.1307397573,5856152.7454082705,0.1726,26
65,0.0,417757.80223495734,5856125.081765071,0.8412,60
65,0.5,417757.80223495734,5856125.58397947,0.837,60
65,1.0,417757.80223495734,5856126.08619387,0.8381,60
65,1.5,417757.7813093573,5856126.58840827,0.837,60
65,2.0,417757.7813093573,5856127.09062267,0.8789,60
65,2.5,417757.73945815733,5856127.57191147,0.8799,60
66,0.0,417783.14313655737,5856134.43550827,0.504,54
66,0.5,417782.6409221573,5856134.45643387,0.4185,54
66,1.0,417782.13870775735,5856134.49828507,0.3348,54
66,1.5,417781.63649335736,5856134.51921067,0.3348,54
66,2.0,417781.15520455735,5856134.51921067,0.3348,54
66,2.5,417780.65299015737,5856134.47735947,0.293,54
67,0.0,417811.4345477573,5856124.55862507,0.6617,48
67,0.5,417811.1206637573,5856124.93528587,0.6864,48
67,1.0,417810.8067797573,5856125.332872271,0.6036,48
67,1.5,417810.51382135734,5856125.75138427,0.6617,48
67,2.0,417810.22086295736,5856126.14897067,0.6617,48
67,2.5,417809.90697895736,5856126.54655707,0.7102,48
68,0.0,417775.0030781573,5856165.02873547,0.0592,41
68,0.5,417775.12863175734,5856165.51002427,0.1256,41
68,1.0,417775.27511095733,5856165.99131307,0.1256,41
68,1.5,417775.4215901573,5856166.47260187,0.1509,41
68,2.0,417775.60992055736,5856166.93296507,0.1872,41
68,2.5,417775.69362295733,5856167.41425387,0.0837,41
69,0.0,417832.04626375734,5856153.87539067,0.3047,15
69,0.5,417831.54404935736,5856153.87539067,0.1256,15
69,1.0,417831.0418349573,5856153.91724187,0.1674,15
69,1.5,417830.53962055733,5856153.91724187,0.1674,15
69,2.0,417830.0583317573,5856153.91724187,0.2093,15
69,2.5,417829.55611735734,5856153.9381674705,0.244,15
70,0.0,417785.04736615735,5856169.86254907,0.0837,40
70,0.5,417784.73348215735,5856170.26013547,0.0936,40
70,1.0,417784.3986725573,5856170.6367962705,0.1184,40
70,1.5,417784.00108615734,5856170.92975467,0.1509,40
70,2.0,417783.58257415734,5856171.20178747,0.1323,40
71,0.0,417814.21765255736,5856172.12251387,0.2093,2
71,0.5,417814.3432061573,5856172.60380267,0.3047,2
71,1.0,417814.63616455736,5856173.00138907,0.3187,2
71,1.5,417814.92912295734,5856173.41990107,0.268,2
71,2.0,417815.20115575736,5856173.83841307,0.244,2
72,0.0,417773.74754215736,5856169.42311147,0.1674,41
72,0.5,417773.7684677573,5856169.9253258705,0.2093,41
72,1.0,417773.78939335735,5856170.42754027,0.2093,41
72,1.5,417773.78939335735,5856170.92975467,0.2093,41
72,2.0,417773.7684677573,5856171.43196907,0.1509,41
73,0.0,417782.66184775735,5856173.92211547,0.1872,38
73,0.5,417782.5781453573,5856174.42432987,0.2254,38
73,1.0,417782.49444295734,5856174.90561867,0.2093,38
73,1.5,417782.41074055736,5856175.4078330705,0.1674,38
73,2.0,417782.3688893573,5856175.8891218705,0.1323,38
74,0.0,417857.9730821573,5856149.29268427,0.1872,12
74,0.5,417857.63827255735,5856149.66934507,0.2807,12
74,1.0,417857.32438855735,5856150.04600587,0.3187,12
74,1.5,417857.05235575733,5856150.46451787,0.3858,12
74,2.0,417856.65476935735,5856150.77840187,0.2093,12
75,0.0,417799.82083975733,5856145.50515067,0.1674,31
75,0.5,417799.7580629573,5856146.00736507,0.293,31
75,1.0,417799.67436055734,5856146.48865387,0.3576,31
75,1.5,417799.56973255734,5856146.99086827,0.2134,31
75,2.0,417799.42325335735,5856147.45123147,0.3858,31
76,0.0,417787.91417335736,5856168.98367387,0.1726,35
76,0.5,417787.8304709573,5856169.48588827,0.2511,35
76,1.0,417787.7676941573,5856169.96717707,0.2511,35
76,1.5,417787.68399175734,5856170.46939147,0.2511,35
76,2.0,417787.6212149573,5856170.95068027,0.2511,35
77,0.0,417777.32581975736,5856168.14664987,0.0419,41
77,0.5,417777.0328613573,5856168.54423627,0.1726,41
77,1.0,417776.73990295734,5856168.9627482705,0.1872,41
77,1.5,417776.57249815733,5856169.42311147,0.1776,41
77,2.0,417776.27953975735,5856169.84162347,0.2367,41
78,0.0,417842.32073335734,5856164.98688427,0.5177,4
78,0.5,417841.88129575737,5856165.23799147,0.4881,4
78,1.0,417841.44185815734,5856165.46817307,0.5992,4
78,1.5,417841.0024205573,5856165.67742907,0.5992,4
78,2.0,417840.56298295734,5856165.90761067,0.6375,4
79,0.0,417818.96776375733,5856127.61376267,0.1184,30
79,0.5,417818.71665655734,5856128.05320027,0.1872,30
79,1.0,417818.46554935735,5856128.47171227,0.1323,30
79,1.5,417818.21444215736,5856128.911149871,0.1509,30
79,2.0,417817.98426055734,5856129.35058747,0.1726,30
80,0.0,417780.4018829573,5856150.52729467,0.5022,45
80,0.5,417780.1507757573,5856150.96673227,0.4772,45
80,1.0,417779.85781735735,5856151.36431867,0.4679,45
80,1.5,417779.54393335734,5856151.76190507,0.3374,45
80,2.0,417779.3137517573,5856152.20134267,0.2546,45
81,0.0,417810.9114077573,5856133.38922827,0.1726,28
81,0.5,417810.89048215735,5856133.8914426705,0.2093,28
81,1.0,417810.82770535734,5856134.393657071,0.3374,28
81,1.5,417810.74400295736,5856134.874945871,0.4679,28
81,2.0,417810.68122615735,5856135.37716027,0.2254,28
82,0.0,417815.07560215733,5856134.79124347,0.504,30
82,0.5,417814.82449495734,5856135.23068107,0.5948,30
82,1.0,417814.53153655736,5856135.62826747,0.5948,30
82,1.5,417814.21765255736,5856136.02585387,0.4449,30
82,2.0,417813.94561975735,5856136.44436587,0.268,30
83,0.0,417802.41561415733,5856158.62550187,0.0837,27
83,0.5,417801.9343253573,5856158.77198107,0.0592,27
83,1.0,417801.45303655736,5856158.87660907,0.2546,27
83,1.5,417800.97174775734,5856158.98123707,0.2647,27
83,2.0,417800.46953335736,5856159.10679067,0.3187,27
84,0.0,417819.51182935736,5856128.26245627,0.0419,30
84,0.5,417819.1560941573,5856128.61819147,0.1184,30
84,1.0,417818.77943335735,5856128.93207547,0.1776,30
84,1.5,417818.40277255734,5856129.26688507,0.1184,30
84,2.0,417818.0261117573,5856129.6016946705,0.1184,30
85,0.0,417787.39103335736,5856171.64122507,0.0837,39
85,0.5,417786.93067015737,5856171.80862987,0.0837,39
85,1.0,417786.44938135735,5856171.99696027,0.0936,39
85,1.5,417785.98901815736,5856172.16436507,0.1323,39
85,2.0,417785.50772935734,5856172.3108442705,0.0837,39
86,0.0,417817.12631095736,5856154.94259627,0.2511,14
86,0.5,417817.00075735734,5856155.42388507,0.2254,14
86,1.0,417816.8752037573,5856155.90517387,0.2511,14
86,1.5,417816.79150135734,5856156.40738827,0.2093,14
86,2.0,417816.6240965573,5856156.86775147,0.0936,14
87,0.0,417815.80799815734,5856163.39653867,0.2511,13
87,0.5,417816.2055845573,5856163.68949707,0.3948,13
87,1.0,417816.5613197573,5856164.04523227,0.3551,13
87,1.5,417816.89612935734,5856164.42189307,0.3269,13
87,2.0,417817.23093895736,5856164.77762827,0.3551,13
88,0.0,417839.47485175735,5856159.46252587,0.6551,7
88,0.5,417839.72595895734,5856159.88103787,0.6864,7
88,1.0,417839.99799175735,5856160.32047547,0.6222,7
88,1.5,417840.20724775735,5856160.78083867,0.6375,7
88,2.0,417840.4374293573,5856161.19935067,0.6333,7
89,0.0,417798.69085735735,5856157.22348667,0.3348,33
89,0.5,417798.37697335734,5856157.60014747,0.4449,33
89,1.0,417798.0421637573,5856157.9977338705,0.4185,33
89,1.5,417797.74920535734,5856158.37439467,0.4309,33
90,0.0,417796.66107415734,5856156.40738827,0.2511,32
90,0.5,417796.30533895735,5856156.74219787,0.3858,32
90,1.0,417795.92867815733,5856157.07700747,0.3858,32
90,1.5,417795.5520173573,5856157.41181707,0.3743,32
91,0.0,417798.1049405573,5856130.29223947,0.2546,51
91,0.5,417797.8956845573,5856130.75260267,0.3269,51
91,1.0,417797.64457735734,5856131.17111467,0.268,51
91,1.5,417797.35161895736,5856131.58962667,0.1872,51
92,0.0,417838.49134855735,5856156.84682587,0.3858,8
92,0.5,417838.6796789573,5856157.30718907,0.6497,8
92,1.0,417838.76338135736,5856157.80940347,0.5859,8
92,1.5,417838.88893495733,5856158.29069227,0.5919,8
93,0.0,417755.47949335736,5856110.24551467,0.0419,60
93,0.5,417755.87707975734,5856110.55939867,0.1509,60
93,1.0,417756.23281495733,5856110.91513387,0.2647,60
93,1.5,417756.50484775734,5856111.31272027,0.2093,60
94,0.0,417812.08324135735,5856138.74618187,0.3858,30
94,0.5,417811.8530597573,5856139.18561947,0.4449,30
94,1.0,417811.6438037573,5856139.645982671,0.4735,30
94,1.5,417811.41362215736,5856140.08542027,0.5057,30
95,0.0,417821.6462405573,5856147.72326427,0.1674,24
95,0.5,417821.22772855737,5856147.995297071,0.1323,24
95,1.0,417820.80921655736,5856148.24640427,0.1872,24
95,1.5,417820.39070455736,5856148.53936267,0.1726,24
96,0.0,417783.7709045573,5856155.46573627,0.2134,44
96,0.5,417783.5616485573,5856155.90517387,0.3948,44
96,1.0,417783.22683895734,5856156.30276027,0.3858,44
96,1.5,417782.82925255736,5856156.59571867,0.536,44
97,0.0,417829.5979685573,5856162.74784507,0.0419,3
97,0.5,417829.09575415734,5856162.78969627,0.1674,3
97,1.0,417828.59353975736,5856162.78969627,0.293,3
97,1.5,417828.11225095735,5856162.83154747,0.2511,3
98,0.0,417832.63218055735,5856152.285045071,0.1674,15
98,0.5,417832.17181735736,5856152.45244987,0.0936,15
98,1.0,417831.6696029573,5856152.57800347,0.1184,15
98,1.5,417831.18831415736,5856152.66170587,0.1184,15
99,0.0,417784.3986725573,5856134.3727314705,0.3767,54
99,0.5,417784.90088695736,5856134.41458267,0.293,54
99,1.0,417785.3821757573,5856134.49828507,0.2546,54
99,1.5,417785.88439015736,5856134.58198747,0.2807,54
100,0.0,417841.1698253573,5856161.63878827,0.293,5
100,0.5,417841.67203975737,5856161.65971387,0.2511,5
100,1.0,417842.17425415735,5856161.68063947,0.2546,5
100,1.5,417842.6764685573,5856161.70156507,0.2511,5
101,0.0,417811.8530597573,5856138.55785147,0.1509,28
101,0.5,417811.56010135735,5856138.95543787,0.1872,28
101,1.0,417811.26714295737,5856139.3739498705,0.2093,28
101,1.5,417810.99511015735,5856139.79246187,0.2134,28
102,0.0,417812.35527415737,5856137.61619947,0.0936,28
102,0.5,417811.97861335735,5856137.93008347,0.1509,28
102,1.0,417811.6438037573,5856138.30674427,0.1323,28
102,1.5,417811.26714295737,5856138.64155387,0.0936,28
103,0.0,417825.55932775734,5856143.78925147,0.2807,22
103,0.5,417825.41284855735,5856144.27054027,0.2807,22
103,1.0,417825.26636935736,5856144.75182907,0.244,22
103,1.5,417825.09896455734,5856145.21219227,0.2807,22
104,0.0,417813.12952135736,5856169.79977227,0.3374,2
104,0.5,417813.33877735736,5856170.26013547,0.2959,2
104,1.0,417813.56895895733,5856170.69957307,0.268,2
104,1.5,417813.79914055736,5856171.13901067,0.2807,2
105,0.0,417815.8498493573,5856152.59892907,0.293,25
105,0.5,417816.35206375737,5856152.59892907,0.2511,25
105,1.0,417816.85427815735,5856152.64078027,0.2254,25
105,1.5,417817.35649255733,5856152.68263147,0.2093,25
106,0.0,417787.32825655735,5856171.07623387,0.0419,39
106,0.5,417786.86789335735,5856171.28548987,0.1323,39
106,1.0,417786.4284557573,5856171.49474587,0.0837,39
106,1.5,417786.0099437573,5856171.76677867,0.1184,39
107,0.0,417864.5646461573,5856143.47536747,0.0592,12
107,0.5,417864.1461341573,5856143.74740027,0.0592,12
107,1.0,417863.7276221573,5856144.01943307,0.1509,12
107,1.5,417863.30911015737,5856144.31239147,0.1776,12
108,0.0,417808.81884775736,5856142.68019467,1.0044,28
108,0.5,417808.54681495734,5856143.09870667,0.9662,28
108,1.0,417808.3166333573,5856143.53814427,0.7545,28
108,1.5,417808.12830295734,5856143.99850747,0.5992,28
109,0.0,417813.3597029573,5856136.94658027,0.5057,30
109,0.5,417813.06674455735,5856137.36509227,0.5441,30
109,1.0,417812.7737861573,5856137.74175307,0.536,30
109,1.5,417812.4180509573,5856138.11841387,0.3743,30
110,0.0,417757.5720533573,5856128.32523307,0.6696,60
110,0.5,417757.4255741573,5856128.80652187,0.3743,60
110,1.0,417757.3209461573,5856129.28781067,0.0837,60
110,1.5,417757.2163181573,5856129.76909947,0.293,60
111,0.0,417795.32183575735,5856161.38768107,0.3858,33
111,0.5,417795.0288773573,5856161.78526747,0.3858,33
111,1.0,417794.71499335737,5856162.18285387,0.3743,33
111,1.5,417794.40110935736,5856162.55951467,0.3858,33
112,0.0,417775.6308461573,5856168.0210962705,0.1872,41
112,0.5,417775.29603655735,5856168.39775707,0.3551,41
112,1.0,417775.02400375734,5856168.81626907,0.2254,41
112,1.5,417774.7938221573,5856169.25570667,0.2093,41
113,0.0,417811.4763989573,5856152.22226827,0.0837,25
113,0.5,417811.9576877573,5856152.34782187,0.2093,25
113,1.0,417812.45990215737,5856152.36874747,0.3348,25
113,1.5,417812.96211655735,5856152.38967307,0.2367,25
114,0.0,417787.5165869573,5856171.8295554705,0.2511,35
114,0.5,417787.43288455735,5856172.33176987,0.2511,35
114,1.0,417787.3491821573,5856172.81305867,0.2254,35
114,1.5,417787.2027029573,5856173.29434747,0.1256,35
115,0.0,417802.68764695735,5856130.83630507,0.5615,49
115,0.5,417802.47839095735,5856131.296668271,0.5091,49
115,1.0,417802.29006055737,5856131.757031471,0.4604,49
115,1.5,417802.10173015733,5856132.2173946705,0.4881,49
116,0.0,417818.9049869573,5856152.80818507,0.0419,25
116,0.5,417819.38627575734,5856152.93373867,0.2093,25
116,1.0,417819.86756455735,5856153.03836667,0.3767,25
116,1.5,417820.36977895733,5856153.14299467,0.4604,25
117,0.0,417856.3199597573,5856151.19691387,0.2254,11
117,0.5,417855.81774535734,5856151.25969067,0.2093,11
117,1.0,417855.3364565573,5856151.322467471,0.1674,11
117,1.5,417854.83424215735,5856151.44802107,0.0,0
118,0.0,417808.1073773573,5856119.41092747,0.2959,49
118,0.5,417807.83534455736,5856119.829439471,0.3576,49
118,1.0,417807.62608855736,5856120.2898026705,0.3576,49
119,0.0,417811.1206637573,5856141.19447707,0.1674,29
119,0.5,417810.95325895736,5856141.65484027,0.1872,29
119,1.0,417810.7649285573,5856142.13612907,0.1509,29
120,0.0,417759.68553895736,5856138.53692587,0.5441,59
120,0.5,417759.5390597573,5856139.01821467,0.504,59
120,1.0,417759.4344317573,5856139.49950347,0.6748,59
121,0.0,417811.56010135735,5856166.95389067,0.2546,2
121,0.5,417811.7902829573,5856167.39332827,0.3018,2
121,1.0,417812.02046455734,5856167.83276587,0.3018,2
122,0.0,417809.34198775736,5856139.8552386705,0.3858,28
122,0.5,417809.1955085573,5856140.3365274705,0.3348,28
122,1.0,417808.9444013573,5856140.75503947,0.397,28
123,0.0,417851.67447655735,5856159.35789787,0.1872,6
123,0.5,417851.75817895733,5856159.86011227,0.1674,6
123,1.0,417851.88373255735,5856160.34140107,0.1509,6
124,0.0,417814.09209895734,5856158.54179947,0.3269,15
124,0.5,417813.67358695733,5856158.81383227,0.3374,15
124,1.0,417813.23414935736,5856159.04401387,0.3743,15
125,0.0,417800.03009575733,5856159.08586507,0.0837,27
125,0.5,417799.5488069573,5856159.21141867,0.1184,27
125,1.0,417799.0884437573,5856159.4206746705,0.2807,27
126,0.0,417773.95679815736,5856137.63712507,0.1256,53
126,0.5,417773.99864935735,5856138.13933947,0.1674,53
126,1.0,417774.1242029573,5856138.62062827,0.2511,53
127,0.0,417785.46587815735,5856170.1555074705,0.0837,39
127,0.5,417785.2356965573,5856170.59494507,0.2093,39
127,1.0,417785.08921735734,5856171.07623387,0.1726,39
128,0.0,417811.1206637573,5856133.61940987,0.2093,28
128,0.5,417811.1206637573,5856134.12162427,0.2093,28
128,1.0,417811.16251495737,5856134.623838671,0.244,28
129,0.0,417801.87154855736,5856127.86486987,0.2093,50
129,0.5,417801.6204413573,5856128.28338187,0.244,50
129,1.0,417801.3693341573,5856128.72281947,0.2093,50
130,0.0,417807.41683255736,5856142.4918642705,0.0936,47
130,0.5,417806.95646935736,5856142.68019467,0.1256,47
130,1.0,417806.47518055735,5856142.84759947,0.293,47
131,0.0,417812.08324135735,5856134.45643387,0.293,28
131,0.5,417811.87398535735,5856134.91679707,0.3743,28
131,1.0,417811.70658055734,5856135.37716027,0.2254,28
132,0.0,417846.79881175735,5856162.43396107,0.4206,4
132,0.5,417846.4012253573,5856162.72691947,0.6179,4
132,1.0,417845.9827133573,5856162.9989522705,0.5244,4
133,0.0,417861.53043415735,5856150.65284827,0.293,11
133,0.5,417861.0282197573,5856150.69469947,0.2546,11
133,1.0,417860.52600535733,5856150.75747627,0.2546,11
134,0.0,417776.4050933573,5856166.22149467,0.293,41
134,0.5,417776.23768855736,5856166.70278347,0.2511,41
134,1.0,417776.02843255736,5856167.14222107,0.1872,41
135,0.0,417783.70812775736,5856174.25692507,0.0419,39
135,0.5,417783.47794615733,5856174.6963626705,0.0592,39
135,1.0,417783.26869015733,5856175.15672587,0.1509,39
136,0.0,417779.71133815736,5856127.4463578705,0.6761,55
136,0.5,417779.50208215736,5856127.90672107,0.6551,55
136,1.0,417779.29282615735,5856128.34615867,0.6551,55
137,0.0,417816.2055845573,5856151.36431867,0.1726,18
137,0.5,417815.9544773573,5856151.7828306705,0.2093,18
137,1.0,417815.70337015734,5856152.22226827,0.1509,18
138,0.0,417779.92059415736,5856120.01776987,0.7545,56
138,0.5,417779.8368917573,5856120.51998427,0.6036,56
138,1.0,417779.7322637573,5856121.00127307,0.7717,56
139,0.0,417821.0393981573,5856154.04279547,0.0419,20
139,0.5,417821.26957975735,5856154.48223307,0.2134,20
139,1.0,417821.43698455737,5856154.96352187,0.3187,20
140,0.0,417804.92668615736,5856146.46772827,0.1674,46
140,0.5,417804.4244717573,5856146.50957947,0.2093,46
140,1.0,417803.92225735734,5856146.53050507,0.1509,46
141,0.0,417862.89059815736,5856142.78482267,0.0419,12
141,0.5,417862.9115237573,5856143.28703707,0.0837,12
141,1.0,417862.89059815736,5856143.78925147,0.0837,12
142,0.0,417813.9246941573,5856152.43152427,0.1509,25
142,0.5,417814.42690855736,5856152.49430107,0.3767,25
142,1.0,417814.9081973573,5856152.55707787,0.397,25
143,0.0,417830.6860997573,5856153.43595307,0.0837,15
143,0.5,417830.20481095737,5856153.56150667,0.1256,15
143,1.0,417829.7444477573,5856153.72891147,0.0419,15
144,0.0,417769.08113335737,5856116.77430187,0.0419,59
144,0.5,417768.6835469573,5856117.06726027,0.2254,59
144,1.0,417768.24410935736,5856117.33929307,0.2093,59
145,0.0,417864.2089109573,5856143.99850747,0.0419,12
145,0.5,417863.8322501573,5856144.33331707,0.1184,12
145,1.0,417863.41373815737,5856144.60534987,0.1323,12
146,0.0,417783.12221095734,5856171.55752267,0.1509,40
146,0.5,417782.8501781573,5856171.97603467,0.268,40
146,1.0,417782.5781453573,5856172.39454667,0.1509,40
147,0.0,417810.15808615735,5856138.09748827,0.2093,28
147,0.5,417809.94883015734,5856138.55785147,0.1872,28
147,1.0,417809.67679735733,5856138.97636347,0.1509,28
148,0.0,417776.63527495734,5856167.33055147,0.2254,41
148,0.5,417776.23768855736,5856167.64443547,0.1509,41
148,1.0,417775.8401021573,5856167.93739387,0.0592,41
149,0.0,417783.12221095734,5856135.29345787,0.9207,52
149,0.5,417783.03850855737,5856135.77474667,0.6402,52
149,1.0,417782.8920293573,5856136.25603547,0.3576,52
150,0.0,417778.51857895736,5856118.53205227,0.7963,58
150,0.5,417778.3302485573,5856118.99241547,0.5584,58
150,1.0,417778.07914135733,5856119.43185307,0.3374,58
151,0.0,417811.07881255733,5856132.25924587,0.0419,28
151,0.5,417811.05788695737,5856132.76146027,0.1256,28
151,1.0,417811.07881255733,5856133.26367467,0.1509,28
152,0.0,417864.3553901573,5856143.05685547,0.0592,12
152,0.5,417863.95780375734,5856143.34981387,0.0936,12
152,1.0,417863.49744055734,5856143.55906987,0.1776,12
153,0.0,417773.41273255734,5856172.47824907,0.536,41
153,0.5,417773.16162535734,5856172.91768667,0.504,41
153,1.0,417772.91051815735,5856173.33619867,0.4309,41
154,0.0,417813.48525655735,5856122.11032987,0.6094,48
154,0.5,417813.10859575734,5856122.4451394705,0.6511,48
154,1.0,417812.7737861573,5856122.82180027,0.6813,48
155,0.0,417769.2485381573,5856167.39332827,0.1256,42
155,0.5,417768.97650535736,5856167.81184027,0.1509,42
155,1.0,417768.76724935736,5856168.27220347,0.0419,42
156,0.0,417779.1044957573,5856128.99485227,0.504,55
156,0.5,417778.91616535734,5856129.45521547,0.7416,55
156,1.0,417778.66505815735,5856129.89465307,0.8799,55
157,0.0,417784.46144935733,5856154.52408427,0.1323,44
157,0.5,417784.3986725573,5856155.02629867,0.2134,44
158,0.0,417833.09254375735,5856153.62428347,0.1872,15
158,0.5,417832.61125495733,5856153.74983707,0.3348,15
159,0.0,417811.35084535734,5856136.31881227,0.4508,28
159,0.5,417811.18344055733,5856136.779175471,0.4881,28
160,0.0,417783.45702055737,5856120.49905867,0.0837,55
160,0.5,417783.14313655737,5856120.87571947,0.3743,55
161,0.0,417762.38494135736,5856131.31759387,0.2134,59
161,0.5,417762.05013175734,5856131.69425467,0.244,59
162,0.0,417777.5978525573,5856161.91082107,0.244,44
162,0.5,417777.22119175736,5856162.22470507,0.3348,44
163,0.0,417760.0621997573,5856137.53249707,0.2959,59
163,0.5,417759.8529437573,5856137.99286027,0.2254,59
164,0.0,417810.01160695736,5856140.1063458705,0.5057,28
164,0.5,417809.86512775737,5856140.587634671,0.4679,28
165,0.0,417815.18023015733,5856157.97680827,0.244,15
165,0.5,417814.74079255736,5856158.2279154705,0.2959,15
166,0.0,417785.84253895737,5856170.57401947,0.1509,39
166,0.5,417785.5914317573,5856171.01345707,0.1872,39
167,0.0,417822.9436277573,5856149.04157707,0.3047,23
167,0.5,417822.88085095736,5856149.54379147,0.3348,23
168,0.0,417800.86711975734,5856130.0829834705,0.1674,50
168,0.5,417800.61601255735,5856130.52242107,0.1184,50
169,0.0,417784.79625895736,5856172.5410258705,0.3948,39
169,0.5,417784.52422615734,5856172.95953787,0.3187,39
170,0.0,417831.50219815737,5856150.42266667,0.2511,17
170,0.5,417831.16738855734,5856150.79932747,0.2254,17
171,0.0,417829.11667975737,5856153.62428347,0.0837,15
171,0.5,417828.63539095735,5856153.79168827,0.0419,15
172,0.0,417830.66517415736,5856152.82911067,0.2134,15
172,0.5,417830.20481095737,5856153.03836667,0.1323,15
173,0.0,417777.97451335733,5856120.03869547,0.4185,58
173,0.5,417777.7652573573,5856120.49905867,0.1674,58
174,0.0,417817.33556695736,5856154.00094427,0.2254,14
174,0.5,417817.23093895736,5856154.48223307,0.2093,14
175,0.0,417779.75318935735,5856118.78315947,0.5441,56
175,0.5,417779.81596615736,5856119.28537387,0.6617,56
176,0.0,417810.8695565573,5856137.260464271,0.5091,28
176,0.5,417810.7649285573,5856137.74175307,0.5091,28
177,0.0,417774.73104535736,5856133.80774027,0.4899,58
177,0.5,417774.4380869573,5856134.22625227,0.4899,58
178,0.0,417779.2091237573,5856117.88335867,0.0419,58
178,0.5,417778.83246295736,5856118.21816827,0.4185,58
179,0.0,417777.0328613573,5856165.57280107,0.1184,41
179,0.5,417776.67712615733,5856165.92853627,0.1776,41
180,0.0,417840.9605693573,5856162.07822587,0.6696,7
180,0.5,417841.1698253573,5856162.538589071,0.8339,7
181,0.0,417834.76659175736,5856153.58243227,0.0419,15
181,0.5,417834.2643773573,5856153.66613467,0.0837,15
182,0.0,417761.69439655734,5856132.78238587,0.1256,59
182,0.5,417761.52699175733,5856133.24274907,0.2093,59
183,0.0,417810.3882677573,5856137.17676187,0.1323,28
183,0.5,417810.26271415735,5856137.65805067,0.1674,28
184,0.0,417801.18100375735,5856129.24595947,0.2647,50
184,0.5,417800.97174775734,5856129.70632267,0.1872,50
185,0.0,417800.2184261573,5856143.99850747,0.2093,31
185,0.5,417800.13472375734,5856144.50072187,0.1674,31
186,0.0,417795.71942215733,5856160.65528507,0.0419,33
186,0.5,417795.48924055736,5856161.0947226705,0.2134,33
187,0.0,417780.98779975733,5856149.94137787,0.0837,45
187,0.5,417780.63206455734,5856150.29711307,0.1776,45
188,0.0,417777.86988535733,5856166.45167627,0.0419,41
188,0.5,417777.47229895735,5856166.74463467,0.0,0
189,0.0,417817.16816215735,5856139.31117307,0.1674,20
189,0.5,417817.1890877573,5856139.81338747,0.2093,20
190,0.0,417834.03419575735,5856153.14299467,0.0837,15
190,0.5,417833.6366093573,5856153.4568786705,0.1776,15
191,0.0,417817.90055815736,5856151.95023547,0.1256,14
191,0.5,417817.79593015736,5856152.43152427,0.0592,14
192,0.0,417829.45148935734,5856153.89631627,0.3767,15
192,0.5,417828.9702005573,5856154.00094427,0.0,0
193,0.0,417777.2839685573,5856120.24795147,0.244,58
193,0.5,417777.47229895735,5856120.70831467,0.1872,58
194,0.0,417863.43466375733,5856143.60092107,0.2093,12
194,0.5,417863.12077975733,5856143.97758187,0.1776,12
195,0.0,417777.72340615734,5856166.36797387,0.0592,41
195,0.5,417777.32581975736,5856166.66093227,0.1323,41
196,0.0,417781.8038981573,5856174.96839547,0.244,37
196,0.5,417781.84574935737,5856175.47060987,0.1726,37
197,0.0,417818.19351655734,5856150.86210427,0.0936,14
197,0.5,417818.15166535735,5856151.36431867,0.0419,14
198,0.0,417759.05777095736,5856116.54412027,0.2807,62
198,0.5,417758.93221735733,5856117.02540907,0.2546,62
199,0.0,417812.33434855734,5856123.55419627,0.3348,48
199,0.5,417812.08324135735,5856123.99363387,0.3018,48
200,0.0,417809.90697895736,5856137.99286027,0.3018,28
200,0.5,417809.65587175736,5856138.4322978705,0.2647,28
201,0.0,417785.3403245573,5856171.51567147,0.2367,39
201,0.5,417785.04736615735,5856171.91325787,0.2093,39
202,0.0,417785.8006877573,5856152.36874747,0.4679,46
202,0.5,417785.29847335734,5856152.41059867,0.1256,46
203,0.0,417777.1374893573,5856166.87018827,0.1509,41
203,0.5,417776.78175415733,5856167.20499787,0.0592,41
204,0.0,417811.62287815736,5856123.889005871,0.2093,48
204,0.5,417811.49732455733,5856124.370294671,0.4881,48
205,0.0,417863.56021735736,5856142.86852507,0.0837,12
205,0.5,417863.41373815737,5856143.34981387,0.1256,12
206,0.0,417779.71133815736,5856121.44071067,0.7996,56
206,0.5,417779.69041255733,5856121.94292507,0.7952,56
207,0.0,417776.34231655736,5856127.34172987,0.3767,58
207,0.5,417776.5097213573,5856127.82301867,0.2546,58
208,0.0,417773.78939335735,5856171.95510907,0.4185,41
208,0.5,417773.4964349573,5856172.35269547,0.2959,41
209,0.0,417761.1084797573,5856134.51921067,0.4268,59
209,0.5,417761.06662855734,5856135.02142507,0.4122,59
210,0.0,417810.68122615735,5856136.63269627,0.1256,28
210,0.5,417810.8067797573,5856137.11398507,0.2647,28
211,0.0,417779.64856135735,5856122.08940427,0.7225,56
211,0.5,417779.3137517573,5856122.4451394705,0.0592,56
212,0.0,417818.29814455734,5856152.87096187,0.0419,25
212,0.5,417818.8003589573,5856152.89188747,0.0592,25
213,0.0,417779.7322637573,5856118.1553914705,0.4185,56
213,0.5,417779.7322637573,5856118.657605871,0.504,56
214,0.0,417754.6215437573,5856125.89786347,0.6696,61
214,0.5,417754.64246935735,5856126.40007787,0.7533,61
215,0.0,417782.41074055736,5856157.01423067,0.4527,44
215,0.5,417782.0131541573,5856157.32811467,0.268,44
216,0.0,417754.49599015736,5856126.60933387,0.5091,61
216,0.5,417754.24488295737,5856127.04877147,0.0419,61
217,0.0,417795.17535655736,5856157.72570107,0.4122,32
217,0.5,417794.73591895733,5856157.97680827,0.4604,32
218,0.0,417786.3238277573,5856152.11764027,0.5814,46
218,0.5,417785.88439015736,5856152.36874747,0.5244,46
219,0.0,417813.75728935737,5856121.524413071,0.5327,48
219,0.5,417813.54803335737,5856121.984776271,0.504,48
220,0.0,417789.54637015733,5856162.81062187,0.2959,32
220,0.5,417789.33711415733,5856163.27098507,0.0419,32
221,0.0,417791.05301335733,5856118.95056427,0.3858,52
221,0.5,417790.59265015734,5856119.15982027,0.6094,52
222,0.0,417800.2184261573,5856126.67211067,0.1674,51
222,0.5,417800.00917015737,5856127.13247387,0.0419,51
223,0.0,417776.0493581573,5856170.1555074705,0.268,41
223,0.5,417775.67269735737,5856170.49031707,0.3269,41
224,0.0,417809.4047645573,5856126.81858987,0.244,48
224,0.5,417809.06995495735,5856127.19525067,0.0419,48
225,0.0,417810.3882677573,5856136.33973787,0.3187,28
225,0.5,417810.2417885573,5856136.82102667,0.3451,28
226,0.0,417756.75595495733,5856111.731232271,0.1509,60
226,0.5,417756.9024341573,5856112.212521071,0.1674,60
227,0.0,417761.42236375733,5856133.55663307,0.4772,59
227,0.5,417761.42236375733,5856134.05884747,0.3047,59
228,0.0,417813.84099175734,5856136.63269627,0.36,30
228,0.499,417813.42247975734,5856136.90472907,0.3858,30
229,0.0,417793.9407461573,5856166.13779227,0.4369,31
229,0.499,417793.52223415737,5856166.40982507,0.0419,31
230,0.0,417754.91450215736,5856126.65118507,0.4369,61
230,0.499,417755.1865349573,5856127.06969707,0.1323,61
231,0.0,417808.6305173573,5856142.11520347,0.4185,28
231,0.497,417808.81884775736,5856142.57556667,0.8412,28
232,0.0,417821.87642215734,5856151.88745867,0.1509,26
232,0.497,417821.3951333573,5856152.01301227,0.1674,26
233,0.0,417777.05378695735,5856124.621401871,0.5457,58
233,0.497,417776.9282333573,5856125.10269067,0.4122,58
234,0.0,417774.91937575734,5856171.1180850705,0.2254,41
234,0.497,417774.45901255734,5856171.30641547,0.4527,41
235,0.0,417839.89336375735,5856166.3470482705,0.4309,4
235,0.497,417839.43300055736,5856166.53537867,0.4899,4
236,0.0,417816.58224535733,5856150.06693147,0.1323,18
236,0.496,417816.35206375737,5856150.50636907,0.0419,18
237,0.0,417829.0748285573,5856151.573574671,0.1323,21
237,0.496,417829.30501015735,5856152.01301227,0.0419,21
238,0.0,417782.05500535737,5856174.13137147,0.2093,37
238,0.496,417781.82482375734,5856174.57080907,0.2254,37
239,0.0,417778.8533885573,5856130.43871867,0.3047,55
239,0.496,417778.62320695736,5856130.87815627,0.0837,55
240,0.0,417799.3395509573,5856146.27939787,0.3047,47
240,0.494,417798.94196455734,5856146.57235627,0.4185,47
241,0.0,417802.08080455736,5856132.25924587,0.4881,49
241,0.494,417801.7878461573,5856132.65683227,0.0419,49
242,0.0,417794.23370455735,5856165.74020587,0.5244,31
242,0.494,417793.9407461573,5856166.13779227,0.4369,31
243,0.0,417812.69008375733,5856122.86365147,0.5692,48
243,0.494,417812.29249735735,5856123.1566098705,0.0419,48
244,0.0,417823.34121415735,5856141.17355147,0.0592,23
244,0.494,417823.63417255733,5856141.57113787,0.0837,23
245,0.0,417774.2288309573,5856171.5993738705,0.3858,41
245,0.494,417773.83124455734,5856171.89233227,0.379,41
246,0.0,417774.77289655735,5856138.78803307,0.1509,53
246,0.494,417774.37531015737,5856139.08099147,0.4122,53
247,0.0,417832.9669901573,5856154.189274671,0.0936,15
247,0.494,417833.36457655736,5856154.48223307,0.0419,15
248,0.0,417815.61966775736,5856134.45643387,0.268,30
248,0.494,417815.2220813573,5856134.74939227,0.2647,30
249,0.0,417777.11656375736,5856123.1566098705,0.5091,58
249,0.493,417777.01193575736,5856123.6378986705,0.4369,58
250,0.0,417777.6606293573,5856121.37793387,0.5992,58
250,0.493,417777.5560013573,5856121.85922267,0.5692,58
251,0.0,417832.48570135736,5856154.08464667,0.0837,15
251,0.493,417832.9669901573,5856154.189274671,0.0936,15
252,0.0,417814.92912295734,5856166.36797387,0.2511,14
252,0.493,417814.82449495734,5856166.84926267,0.2807,14
253,0.0,417759.35072935733,5856116.69059947,0.3187,63
253,0.493,417759.24610135733,5856117.17188827,0.0419,63
254,0.0,417822.7971485573,5856150.00415467,0.2093,23
254,0.493,417822.9017765573,5856150.48544347,0.0837,23
255,0.0,417814.0293221573,5856171.47382027,0.1509,2
255,0.493,417814.1339501573,5856171.95510907,0.2093,2
256,0.0,417806.09851975733,5856143.09870667,0.2511,47
256,0.493,417805.6172309573,5856143.2033346705,0.2511,47
257,0.0,417797.9375357573,5856140.12727147,0.5992,49
257,0.493,417797.8329077573,5856140.60856027,0.5177,49
258,0.0,417776.44694455736,5856157.80940347,0.1256,45
258,0.493,417776.34231655736,5856158.29069227,0.0419,45
259,0.0,417776.4678701573,5856165.67742907,0.1323,41
259,0.493,417776.3632421573,5856166.15871787,0.1872,41
260,0.0,417784.25219335733,5856173.33619867,0.3576,39
260,0.493,417784.1475653573,5856173.81748747,0.0837,39
261,0.0,417775.67269735737,5856170.49031707,0.3269,41
261,0.49,417775.29603655735,5856170.80420107,0.2959,41
262,0.0,417775.29603655735,5856170.80420107,0.2959,41
262,0.49,417774.91937575734,5856171.1180850705,0.2254,41
263,0.0,417778.51857895736,5856129.99928107,0.7152,55
263,0.49,417778.20469495736,5856130.37594187,0.6222,55
264,0.0,417810.51382135734,5856141.550212271,0.2959,30
264,0.49,417810.3464165573,5856142.0105754705,0.0419,30
265,0.0,417794.3174069573,5856162.66414267,0.3858,33
265,0.49,417794.1500021573,5856163.12450587,0.0837,33
266,0.0,417810.4510445573,5856142.78482267,0.1509,29
266,0.49,417810.2836397573,5856143.24518587,0.0419,29
267,0.0,417778.3302485573,5856118.00891227,0.2093,58
267,0.49,417778.49765335734,5856118.46927547,0.6748,58
268,0.0,417778.16284375737,5856130.41779307,0.5692,55
268,0.49,417777.7024805573,5856130.585197871,0.0419,55
269,0.0,417777.5560013573,5856121.85922267,0.5692,58
269,0.49,417777.3885965573,5856122.31958587,0.3767,58
270,0.0,417774.73104535736,5856169.36033467,0.2254,41
270,0.49,417774.56364055735,5856169.82069787,0.3374,41
271,0.0,417774.50086375733,5856170.30198667,0.3187,41
271,0.489,417774.41716135736,5856170.78327547,0.2511,41
272,0.0,417814.82449495734,5856166.84926267,0.2807,14
272,0.489,417814.74079255736,5856167.33055147,0.2511,14
273,0.0,417781.09242775734,5856124.8306578705,0.4772,55
273,0.489,417780.73669255734,5856125.16546747,0.0837,55
274,0.0,417776.38416775735,5856128.34615867,0.3767,58
274,0.489,417776.02843255736,5856128.68096827,0.7309,58
275,0.0,417802.79227495735,5856130.27131387,0.1674,49
275,0.489,417802.7085725573,5856130.75260267,0.5109,49
276,0.0,417815.80799815734,5856163.39653867,0.2511,13
276,0.489,417815.3267093573,5856163.4802410705,0.2511,14
277,0.0,417785.73791095737,5856171.95510907,0.1776,39
277,0.489,417785.3821757573,5856172.28991867,0.1256,39
278,0.0,417863.22540775733,5856144.70997787,0.1184,12
278,0.489,417862.7441189573,5856144.79368027,0.2647,12
279,0.0,417812.7319349573,5856123.177535471,0.2134,48
279,0.489,417812.37619975733,5856123.51234507,0.293,48
280,0.0,417814.25950375735,5856151.95023547,0.3187,24
280,0.489,417813.90376855736,5856152.285045071,0.1323,24
281,0.0,417757.34187175735,5856113.59361067,0.2807,60
281,0.489,417757.6766813573,5856113.94934587,0.837,60
282,0.0,417812.79471175733,5856159.23234427,0.4772,15
282,0.489,417812.3134229573,5856159.31604667,0.0419,15
283,0.0,417815.26393255737,5856163.9615298705,0.2807,14
283,0.489,417815.18023015733,5856164.4428186705,0.2546,14
284,0.0,417845.04106135736,5856163.66857147,0.3047,4
284,0.489,417844.6853261573,5856164.00338107,0.0419,4
285,0.0,417800.46953335736,5856130.96185867,0.1256,50
285,0.489,417800.13472375734,5856131.31759387,0.2093,50
286,0.0,417797.8329077573,5856140.60856027,0.5177,49
286,0.489,417797.91661015735,5856141.08984907,0.0419,49
287,0.0,417785.84253895737,5856171.22271307,0.1509,39
287,0.488,417785.42402695736,5856171.47382027,0.1776,39
288,0.0,417810.95325895736,5856138.95543787,0.1726,28
288,0.488,417810.53474695736,5856139.20654507,0.3743,28
289,0.0,417816.7705757573,5856139.8552386705,0.1184,20
289,0.488,417817.1890877573,5856140.1063458705,0.36,20
290,0.0,417804.2779925573,5856158.08143627,0.1509,26
290,0.488,417803.8594805573,5856158.33254347,0.0419,26
291,0.0,417845.54327575734,5856163.27098507,0.4527,4
291,0.488,417845.12476375734,5856163.52209227,0.5244,4
292,0.0,417796.93310695735,5856132.238320271,0.2093,51
292,0.488,417796.51459495735,5856132.489427471,0.0419,51
293,0.0,417810.3882677573,5856141.50836107,0.2511,30
293,0.488,417810.1371605573,5856141.92687307,0.0419,30
294,0.0,417775.69362295733,5856128.26245627,0.293,58
294,0.488,417775.9447301573,5856128.68096827,0.7863,58
295,0.0,417782.26426135737,5856173.69193387,0.2807,37
295,0.487,417782.05500535737,5856174.13137147,0.2093,37
296,0.0,417808.48403815733,5856129.09948027,0.0837,48
296,0.487,417808.04460055736,5856129.30873627,0.3767,48
297,0.0,417800.09287255735,5856131.61055227,0.0419,50
297,0.487,417799.88361655734,5856132.04998987,0.244,50
298,0.0,417811.2252917573,5856135.356234671,0.2093,28
298,0.487,417811.4345477573,5856135.7956722705,0.4185,28
299,0.0,417779.81596615736,5856122.17310667,0.5441,56
299,0.487,417780.02522215736,5856122.61254427,0.2093,56
300,0.0,417810.4510445573,5856139.26932187,0.4122,28
300,0.487,417810.2417885573,5856139.70875947,0.5022,28
301,0.0,417809.59309495735,5856138.55785147,0.244,28
301,0.485,417809.53031815734,5856139.03914027,0.293,28
302,0.0,417815.05467655737,5856165.405396271,0.2511,14
302,0.485,417814.99189975735,5856165.88668507,0.2546,14
303,0.0,417807.41683255736,5856120.72924027,0.2959,49
303,0.485,417807.35405575734,5856121.21052907,0.0419,49
304,0.0,417814.99189975735,5856165.88668507,0.2546,14
304,0.485,417814.92912295734,5856166.36797387,0.2511,14
305,0.0,417815.18023015733,5856164.4428186705,0.2546,14
305,0.485,417815.1174533573,5856164.924107471,0.2511,14
306,0.0,417828.99112615734,5856153.54058107,0.0419,25
306,0.485,417828.5098373573,5856153.60335787,0.1674,25
307,0.0,417815.3267093573,5856163.4802410705,0.2511,14
307,0.485,417815.26393255737,5856163.9615298705,0.2807,14
308,0.0,417810.68122615735,5856138.202116271,0.4735,28
308,0.485,417810.74400295736,5856138.683405071,0.0837,28
309,0.0,417774.56364055735,5856169.82069787,0.3374,41
309,0.485,417774.50086375733,5856170.30198667,0.3187,41
310,0.0,417785.54958055733,5856152.76633387,0.0419,46
310,0.485,417785.0682917573,5856152.82911067,0.1256,46
311,0.0,417815.1174533573,5856164.924107471,0.2511,14
311,0.485,417815.05467655737,5856165.405396271,0.2511,14
312,0.0,417815.59874215734,5856174.40340427,0.1872,2
312,0.483,417815.7452213573,5856174.86376747,0.2647,2
313,0.0,417810.2417885573,5856140.98522107,0.1872,28
313,0.483,417809.78142535733,5856141.13170027,0.4206,28
314,0.0,417757.0489133573,5856112.672884271,0.2254,60
314,0.483,417757.19539255736,5856113.1332474705,0.244,60
315,0.0,417803.4409685573,5856124.8306578705,0.2367,50
315,0.483,417803.29448935733,5856125.29102107,0.0419,50
316,0.0,417778.05821575737,5856119.47370427,0.3767,58
316,0.483,417778.0163645573,5856119.95499307,0.4772,58
317,0.0,417783.03850855737,5856135.23068107,0.8799,52
317,0.483,417782.55721975735,5856135.27253227,0.1674,52
318,0.0,417813.48525655735,5856136.42344027,0.1256,30
318,0.483,417813.33877735736,5856136.88380347,0.4185,30
319,0.0,417777.22119175736,5856122.57069307,0.3348,58
319,0.483,417777.17934055737,5856123.05198187,0.5692,58
320,0.0,417810.09530935733,5856137.44879467,0.2093,28
320,0.483,417809.94883015734,5856137.90915787,0.2807,28
321,0.0,417756.9024341573,5856112.212521071,0.1674,60
321,0.483,417757.0489133573,5856112.672884271,0.2254,60
322,0.0,417761.92457815737,5856132.25924587,0.2134,59
322,0.483,417761.96642935736,5856132.74053467,0.0837,59
323,0.0,417757.59297895734,5856119.97591867,0.3348,60
323,0.483,417757.44649975735,5856120.43628187,0.0837,60
324,0.0,417757.19539255736,5856113.1332474705,0.244,60
324,0.483,417757.34187175735,5856113.59361067,0.2807,60
325,0.0,417810.40919335734,5856154.46130747,0.2647,24
325,0.483,417809.94883015734,5856154.60778667,0.0419,24
326,0.0,417774.24975655734,5856134.51921067,0.3767,58
326,0.483,417774.20790535735,5856135.00049947,0.293,58
327,0.0,417772.45015495736,5856144.22868907,0.3348,53
327,0.483,417772.4083037573,5856144.70997787,0.0419,53
328,0.0,417784.9218125573,5856171.51567147,0.1872,39
328,0.483,417784.87996135734,5856171.99696027,0.3187,39
329,0.0,417821.3951333573,5856152.01301227,0.1674,26
329,0.483,417820.91384455736,5856152.05486347,0.2093,26
330,0.0,417817.52389735734,5856153.49872987,0.1674,14
330,0.483,417817.37741815735,5856153.95909307,0.2647,14
331,0.0,417778.70690935734,5856129.97835547,0.7225,55
331,0.483,417778.8533885573,5856130.43871867,0.3047,55
332,0.0,417778.37209975737,5856117.52762347,0.1674,58
332,0.483,417778.3302485573,5856118.00891227,0.2093,58
333,0.0,417776.53064695734,5856127.88579547,0.2093,58
333,0.483,417776.38416775735,5856128.34615867,0.3767,58
334,0.0,417774.41716135736,5856170.78327547,0.2511,41
334,0.482,417774.39623575733,5856171.26456427,0.3576,41
335,0.0,417808.7351453573,5856141.19447707,0.3451,28
335,0.482,417808.75607095734,5856141.67576587,0.4604,28
336,0.0,417857.4080909573,5856153.85446507,0.4185,9
336,0.482,417857.38716535736,5856154.33575387,0.1256,9
337,0.0,417811.03696135734,5856135.20975547,0.1256,28
337,0.482,417810.7649285573,5856135.60734187,0.3451,28
338,0.0,417789.81840295735,5856162.41303547,0.5244,32
338,0.482,417789.54637015733,5856162.81062187,0.2959,32
339,0.0,417846.52677895734,5856161.88989547,0.3047,5
339,0.482,417846.0454901573,5856161.91082107,0.2093,5
340,0.0,417816.49854295736,5856139.45765227,0.0592,20
340,0.482,417816.7705757573,5856139.8552386705,0.1184,20
341,0.0,417761.42236375733,5856134.05884747,0.3047,59
341,0.482,417761.1503309573,5856134.45643387,0.4772,59
342,0.0,417786.1145717573,5856170.82512667,0.0936,39
342,0.482,417785.84253895737,5856171.22271307,0.1509,39
343,0.0,417774.20790535735,5856135.00049947,0.293,58
343,0.482,417774.18697975733,5856135.48178827,0.293,58
344,0.0,417783.6662765573,5856133.95421947,0.5057,52
344,0.482,417783.39424375736,5856134.35180587,0.4185,54
345,0.0,417755.33301415737,5856113.74008987,0.1256,61
345,0.482,417755.06098135735,5856114.13767627,0.5505,61
346,0.0,417808.90255015733,5856127.55098587,0.1674,48
346,0.482,417808.88162455737,5856128.03227467,0.3948,48
347,0.0,417765.94229335734,5856170.11365627,0.3047,43
347,0.482,417765.9213677573,5856170.59494507,0.0419,43
348,0.0,417774.18697975733,5856135.48178827,0.293,58
348,0.482,417774.20790535735,5856135.96307707,0.0419,58
349,0.0,417809.4675413573,5856141.48743547,0.2254,28
349,0.482,417809.1955085573,5856141.88502187,0.4309,28
350,0.0,417757.48835095734,5856124.621401871,0.2807,60
350,0.482,417757.76038375736,5856125.01898827,0.7818,60
351,0.0,417778.97894215735,5856152.66170587,0.36,45
351,0.482,417778.70690935734,5856153.05929227,0.0419,45
